City_ID,City,Lat,Lng,Max Temp,Humidity,Cloudiness,Wind Speed,Country,Date
0,Siatista,40.2619,21.5442,38.98,94,100,2.24,GR,2022-12-04 00:14:33
1,Avarua,-21.2078,-159.775,82.45,83,100,8.05,CK,2022-12-04 00:13:59
2,Rikitea,-23.1203,-134.9692,74.89,75,30,12.21,PF,2022-12-04 00:14:33
3,Kapaa,22.0752,-159.319,82.72,68,40,12.66,US,2022-12-04 00:14:34
4,Naze,28.3667,129.4833,68.9,79,99,3.18,JP,2022-12-04 00:14:34
5,Geraldton,-28.7667,114.6,70.21,78,100,9.22,AU,2022-12-04 00:11:42
6,Ancud,-41.8697,-73.8203,54.1,89,74,5.14,CL,2022-12-04 00:14:35
7,Qui Nhon,13.7667,109.2333,75.42,91,100,9.89,VN,2022-12-04 00:14:36
8,Keetmanshoop,-26.5833,18.1333,68.16,28,0,7.07,NA,2022-12-04 00:14:36
9,Yellowknife,62.456,-114.3525,16.27,96,100,8.41,CA,2022-12-04 00:14:36
10,Ushuaia,-54.8,-68.3,40.66,87,75,19.57,AR,2022-12-04 00:14:37
11,Rehoboth,-23.3167,17.0833,71.96,19,4,4.07,NA,2022-12-04 00:14:37
12,Sabha,27.0377,14.4283,64.17,26,0,10.49,LY,2022-12-04 00:14:38
13,Mataura,-46.1927,168.8643,62.87,51,99,10.49,NZ,2022-12-04 00:14:38
14,Vanavara,60.34,102.2797,-12.33,99,90,5.08,RU,2022-12-04 00:14:38
15,Nikolskoye,59.7035,30.7861,22.91,91,100,7.74,RU,2022-12-04 00:14:39
16,Port Hedland,-20.3167,118.5667,91.45,46,15,13.8,AU,2022-12-04 00:14:39
17,Busselton,-33.65,115.3333,63.72,66,98,15.88,AU,2022-12-04 00:14:40
18,Touros,-5.1989,-35.4608,78.76,76,4,15.57,BR,2022-12-04 00:14:40
19,La Ronge,55.1001,-105.2842,6.67,89,100,8.23,CA,2022-12-04 00:14:41
20,Buala,-8.145,159.5921,83.46,74,100,6.42,SB,2022-12-04 00:14:41
21,Katsuura,35.1333,140.3,59.97,60,99,19.84,JP,2022-12-04 00:12:22
22,Ribeira Grande,38.5167,-28.7,60.78,75,97,18.01,PT,2022-12-04 00:14:42
23,Cherskiy,68.75,161.3,3.72,94,100,2.24,RU,2022-12-04 00:14:42
24,Lufilufi,-13.8745,-171.5986,86.79,76,39,10.13,WS,2022-12-04 00:14:43
25,Shenjiamen,29.9576,122.298,57.2,83,100,25.52,CN,2022-12-04 00:14:43
26,Zhezkazgan,47.8043,67.7144,2.77,89,15,9.42,KZ,2022-12-04 00:14:44
27,Luderitz,-26.6481,15.1594,59.9,69,5,15.21,NA,2022-12-04 00:11:11
28,Severo-Kurilsk,50.6789,156.125,32.74,98,89,21.7,RU,2022-12-04 00:14:44
29,Punta Arenas,-53.15,-70.9167,46.51,53,40,24.16,CL,2022-12-04 00:14:45
30,Prince Rupert,54.3161,-130.3201,30.18,45,3,4.32,CA,2022-12-04 00:13:50
31,Saint-Joseph,-21.3667,55.6167,75.58,85,22,9.48,RE,2022-12-04 00:14:45
32,Vaini,-21.2,-175.2,80.71,82,91,12.82,TO,2022-12-04 00:14:46
33,Verkhoyansk,67.5447,133.385,-10.3,99,100,4.07,RU,2022-12-04 00:14:46
34,Boden,65.8252,21.6886,26.6,95,76,4.32,SE,2022-12-04 00:14:47
35,Dingle,10.9995,122.6711,79.65,86,82,8.57,PH,2022-12-04 00:13:51
36,Upernavik,72.7868,-56.1549,20.46,73,100,37.76,GL,2022-12-04 00:13:21
37,Saskylakh,71.9167,114.0833,8.22,93,100,24.18,RU,2022-12-04 00:12:16
38,Meadow Lake,34.8014,-106.5436,47.68,78,100,7.34,US,2022-12-04 00:14:48
39,Izmit,40.7669,29.9169,49.98,93,75,2.3,TR,2022-12-04 00:14:49
40,Tuktoyaktuk,69.4541,-133.0374,8.4,91,100,21.65,CA,2022-12-04 00:14:49
41,Hilo,19.7297,-155.09,81.28,93,100,9.22,US,2022-12-04 00:11:03
42,Hithadhoo,-0.6,73.0833,81.93,73,100,14.03,MV,2022-12-04 00:14:50
43,Hokitika,-42.7167,170.9667,59.59,66,100,12.95,NZ,2022-12-04 00:14:50
44,Exeter,50.7236,-3.5275,42.87,88,100,10.96,GB,2022-12-04 00:14:52
45,Khatanga,71.9667,102.5,10.65,94,100,22.82,RU,2022-12-04 00:14:52
46,Udachnyy,66.4167,112.4,8.46,92,100,27.87,RU,2022-12-04 00:14:53
47,Shelbyville,35.4834,-86.4603,49.44,70,0,4.61,US,2022-12-04 00:14:53
48,Batagay-Alyta,67.8006,130.4114,-8.52,92,100,3.42,RU,2022-12-04 00:12:20
49,Tevriz,57.509,72.4042,1.11,95,99,5.41,RU,2022-12-04 00:14:54
50,Faya,18.3851,42.4509,50.52,84,3,1.86,SA,2022-12-04 00:14:54
51,Pevek,69.7008,170.3133,3.06,79,89,6.38,RU,2022-12-04 00:14:55
52,Kaniama,-7.5667,24.1833,66.0,96,100,1.41,CD,2022-12-04 00:14:55
53,Airai,-8.9266,125.4092,71.49,45,53,1.07,TL,2022-12-04 00:14:56
54,Albany,42.6001,-73.9662,43.39,70,77,1.99,US,2022-12-04 00:14:56
55,Sitka,57.0531,-135.33,35.49,75,0,6.91,US,2022-12-04 00:14:56
56,Bardsir,29.9227,56.5743,44.65,53,1,6.87,IR,2022-12-04 00:14:57
57,Bontang,0.1333,117.5,78.6,84,88,3.65,ID,2022-12-04 00:14:57
58,Chuy,-33.6971,-53.4616,65.03,95,99,6.17,UY,2022-12-04 00:14:58
59,Jamestown,42.097,-79.2353,36.99,62,100,10.36,US,2022-12-04 00:11:13
60,Burgos,42.3394,-3.7079,32.41,100,20,5.75,ES,2022-12-04 00:14:58
61,Talnakh,69.4865,88.3972,-3.8,99,100,6.26,RU,2022-12-04 00:14:59
62,Menongue,-14.6585,17.691,67.91,50,68,4.0,AO,2022-12-04 00:15:00
63,Rosetta,31.4044,30.4164,64.71,68,30,10.4,EG,2022-12-04 00:15:01
64,Lompoc,34.6391,-120.4579,62.78,92,100,9.22,US,2022-12-04 00:15:01
65,Saint-Philippe,-21.3585,55.7679,76.59,86,30,10.0,RE,2022-12-04 00:15:01
66,Cairns,-16.9167,145.7667,88.11,61,40,10.36,AU,2022-12-04 00:15:02
67,Erenhot,43.6475,111.9767,4.28,68,5,6.38,CN,2022-12-04 00:15:03
68,Beloha,-25.1667,45.05,72.46,71,72,4.41,MG,2022-12-04 00:15:03
69,Kibakwe,-6.7167,36.3667,63.75,89,21,3.74,TZ,2022-12-04 00:15:04
70,New Ulm,44.3125,-94.4605,14.43,87,1,6.24,US,2022-12-04 00:11:17
71,Jackson,42.4165,-122.8345,50.14,53,0,5.75,US,2022-12-04 00:12:30
72,Gizo,-8.103,156.8419,83.05,72,98,4.25,SB,2022-12-04 00:15:05
73,Port Hardy,50.6996,-127.4199,37.33,68,3,4.29,CA,2022-12-04 00:15:07
74,Hun,29.1268,15.9477,62.49,32,3,7.16,LY,2022-12-04 00:15:08
75,Bonavista,48.6499,-53.1147,33.57,69,59,11.23,CA,2022-12-04 00:15:08
76,New Norfolk,-42.7826,147.0587,67.91,36,99,2.75,AU,2022-12-04 00:15:09
77,Lebu,-37.6167,-73.65,57.29,85,50,11.65,CL,2022-12-04 00:15:10
78,Carauari,-4.8828,-66.8958,74.17,96,97,2.35,BR,2022-12-04 00:15:03
79,Mount Gambier,-37.8333,140.7667,82.62,26,54,9.28,AU,2022-12-04 00:11:33
80,Jardim,-21.4803,-56.1381,72.14,95,100,3.42,BR,2022-12-04 00:12:32
81,Hermanus,-34.4187,19.2345,52.81,68,44,6.78,ZA,2022-12-04 00:15:12
82,Hobart,-42.8794,147.3294,68.25,66,75,5.75,AU,2022-12-04 00:15:12
83,Namatanai,-3.6667,152.4333,85.1,65,89,5.7,PG,2022-12-04 00:15:14
84,Joshimath,30.5667,79.5667,44.87,19,1,9.28,IN,2022-12-04 00:15:14
85,Ahipara,-35.1667,173.1667,66.99,60,1,8.41,NZ,2022-12-04 00:11:09
86,Port Alfred,-33.5906,26.891,61.18,91,99,4.81,ZA,2022-12-04 00:15:15
87,Dikson,73.5069,80.5464,27.48,91,100,22.19,RU,2022-12-04 00:15:16
88,Mar Del Plata,-38.0023,-57.5575,66.87,80,0,21.0,AR,2022-12-04 00:11:05
89,Cape Town,-33.9258,18.4232,62.28,71,45,8.99,ZA,2022-12-04 00:10:36
90,Longyearbyen,78.2186,15.6401,28.24,80,75,11.5,SJ,2022-12-04 00:15:18
91,Lorengau,-2.0226,147.2712,79.52,86,100,8.37,PG,2022-12-04 00:15:19
92,Atuona,-9.8,-139.0333,77.68,76,3,13.53,PF,2022-12-04 00:15:19
93,Innisfail,-17.5333,146.0333,81.81,57,24,8.05,AU,2022-12-04 00:15:20
94,Ballina,-28.8667,153.5667,72.01,85,84,12.48,AU,2022-12-04 00:15:20
95,Tura,25.5198,90.2201,58.82,87,0,3.67,IN,2022-12-04 00:15:21
96,Bethel,41.3712,-73.414,55.51,71,99,4.0,US,2022-12-04 00:15:11
97,Puerto Ayora,-0.7393,-90.3518,73.36,94,77,5.99,EC,2022-12-04 00:15:22
98,Pisco,-13.7,-76.2167,66.25,82,0,16.11,PE,2022-12-04 00:15:22
99,Acarau,-2.8856,-40.12,79.61,78,12,16.82,BR,2022-12-04 00:11:13
100,Vestmannaeyjar,63.4427,-20.2734,42.89,72,23,3.6,IS,2022-12-04 00:15:23
101,Thinadhoo,0.5333,72.9333,80.89,72,100,14.5,MV,2022-12-04 00:10:59
102,Iquitos,-3.7481,-73.2472,77.04,83,75,4.61,PE,2022-12-04 00:15:24
103,Carnarvon,-24.8667,113.6333,72.32,72,19,14.2,AU,2022-12-04 00:15:24
104,Margate,51.3813,1.3862,41.31,81,100,5.01,GB,2022-12-04 00:15:25
105,Georgetown,5.4112,100.3354,80.24,89,20,3.44,MY,2022-12-04 00:15:25
106,Dabhol,17.6,73.1667,73.6,63,43,3.85,IN,2022-12-04 00:15:25
107,Kamenka,51.3223,42.7678,15.31,56,17,8.79,RU,2022-12-04 00:15:26
108,Bilibino,68.0546,166.4372,4.15,84,95,4.38,RU,2022-12-04 00:15:27
109,Dashitou,43.3067,128.5114,1.2,75,12,14.05,CN,2022-12-04 00:15:27
110,Ishigaki,24.3448,124.1572,77.16,75,100,6.96,JP,2022-12-04 00:15:28
111,San Patricio,28.017,-97.5169,71.69,87,100,9.93,US,2022-12-04 00:15:26
112,Souillac,-20.5167,57.5167,73.78,83,40,2.3,MU,2022-12-04 00:15:29
113,Avera,33.194,-82.5271,62.38,90,91,5.97,US,2022-12-04 00:11:08
114,Manicore,-5.8092,-61.3003,75.0,91,85,2.21,BR,2022-12-04 00:15:04
115,Lac Du Bonnet,50.2536,-96.0612,4.03,83,79,9.51,CA,2022-12-04 00:15:30
116,Bredasdorp,-34.5322,20.0403,54.79,69,69,0.89,ZA,2022-12-04 00:15:31
117,Hirara,24.8,125.2833,76.19,79,100,8.55,JP,2022-12-04 00:15:31
118,College,64.8569,-147.8028,27.07,91,100,5.75,US,2022-12-04 00:15:32
119,Bengkulu,-3.8004,102.2655,74.61,89,98,3.91,ID,2022-12-04 00:15:32
120,Port Blair,11.6667,92.75,80.02,82,100,11.56,IN,2022-12-04 00:15:33
121,Saint-Augustin,51.226,-58.6502,32.02,83,100,16.46,CA,2022-12-04 00:15:33
122,East London,-33.0153,27.9116,64.8,79,100,4.61,ZA,2022-12-04 00:15:34
123,Majene,-3.5403,118.9707,80.87,77,90,2.48,ID,2022-12-04 00:15:34
124,Ilulissat,69.2167,-51.1,28.42,64,100,17.27,GL,2022-12-04 00:11:02
125,Roblin,51.23,-101.3565,0.73,87,86,14.63,CA,2022-12-04 00:15:35
126,Narsaq,60.9167,-46.05,23.22,83,3,7.85,GL,2022-12-04 00:15:35
127,Ferme-Neuve,46.7001,-75.4493,25.41,81,100,14.85,CA,2022-12-04 00:15:36
128,Bluff,-46.6,168.3333,58.33,74,95,30.56,NZ,2022-12-04 00:10:38
129,Torbay,47.6666,-52.7314,32.5,79,13,1.99,CA,2022-12-04 00:10:54
130,Puerto Madryn,-42.7692,-65.0385,75.69,27,86,13.87,AR,2022-12-04 00:15:37
131,Butaritari,3.0707,172.7902,81.3,77,21,14.58,KI,2022-12-04 00:15:37
132,Pangnirtung,66.1451,-65.7125,-3.82,79,36,9.89,CA,2022-12-04 00:15:39
133,Hamilton,39.1834,-84.5333,38.08,65,0,8.05,US,2022-12-04 00:13:16
134,Santiago,-33.4569,-70.6483,76.86,38,0,14.97,CL,2022-12-04 00:12:42
135,Saint-Pierre,-21.3393,55.4781,76.68,78,0,12.66,RE,2022-12-04 00:15:40
136,Sao Filipe,14.8961,-24.4956,72.32,62,89,5.14,CV,2022-12-04 00:15:40
137,Vila Franca Do Campo,37.7167,-25.4333,57.61,87,87,28.25,PT,2022-12-04 00:13:49
138,Tigil,57.8,158.6667,2.5,90,82,6.73,RU,2022-12-04 00:15:41
139,Kodiak,57.79,-152.4072,31.51,69,0,6.91,US,2022-12-04 00:15:41
140,Phalaborwa,-23.943,31.1411,71.24,78,83,12.19,ZA,2022-12-04 00:15:42
141,Kungurtug,50.5994,97.5228,-21.15,97,22,1.57,RU,2022-12-04 00:15:42
142,Muromtsevo,56.3724,75.2418,-8.32,93,38,4.97,RU,2022-12-04 00:15:43
143,Port Elizabeth,-33.918,25.5701,63.32,88,100,3.0,ZA,2022-12-04 00:12:34
144,Half Moon Bay,37.4636,-122.4286,52.88,95,100,3.44,US,2022-12-04 00:13:10
145,Lasa,46.6166,10.7002,40.08,99,97,4.45,IT,2022-12-04 00:15:43
146,Imbituba,-28.24,-48.6703,72.82,98,100,10.87,BR,2022-12-04 00:15:44
147,Te Anau,-45.4167,167.7167,56.14,66,99,7.65,NZ,2022-12-04 00:15:45
148,Beringovskiy,63.05,179.3167,33.12,99,100,6.93,RU,2022-12-04 00:15:45
149,Provideniya,64.3833,-173.3,29.53,96,100,13.8,RU,2022-12-04 00:12:22
150,Bubaque,11.2833,-15.8333,79.07,64,57,10.65,GW,2022-12-04 00:15:46
151,Pedro Carbo,-1.8333,-80.2333,76.24,66,27,10.65,EC,2022-12-04 00:15:46
152,Coihaique,-45.5752,-72.0662,51.75,54,100,4.61,CL,2022-12-04 00:15:47
153,Bambous Virieux,-20.3428,57.7575,73.65,83,40,2.3,MU,2022-12-04 00:15:47
154,Pokhara,28.2333,83.9833,56.55,30,0,5.73,NP,2022-12-04 00:15:47
155,Namtsy,62.7161,129.6658,-28.43,98,100,2.46,RU,2022-12-04 00:15:48
156,Arraial Do Cabo,-22.9661,-42.0278,72.57,92,100,26.13,BR,2022-12-04 00:15:48
157,Samarai,-10.6167,150.6667,82.2,71,100,4.34,PG,2022-12-04 00:15:49
158,Iracoubo,5.4802,-53.2011,76.71,87,100,7.23,GF,2022-12-04 00:15:49
159,Kavieng,-2.5744,150.7967,82.04,75,97,5.93,PG,2022-12-04 00:15:49
160,Arica,-18.475,-70.3042,67.55,77,0,3.44,CL,2022-12-04 00:15:50
161,Bud,39.447,-86.1758,32.47,67,1,5.28,US,2022-12-04 00:15:50
162,Tasiilaq,65.6145,-37.6368,30.36,98,100,14.58,GL,2022-12-04 00:15:51
163,Wajir,1.7471,40.0573,77.77,71,51,7.4,KE,2022-12-04 00:15:51
164,Chokurdakh,70.6333,147.9167,-17.73,96,94,13.09,RU,2022-12-04 00:15:52
165,San Felipe,10.3399,-68.7425,69.1,98,100,2.82,VE,2022-12-04 00:12:18
166,Povenets,62.8487,34.8262,22.3,83,100,11.1,RU,2022-12-04 00:15:53
167,Kailua,21.4022,-157.7394,84.18,72,68,5.99,US,2022-12-04 00:14:13
168,Vazante,-17.9869,-46.9078,69.39,86,98,6.89,BR,2022-12-04 00:15:53
169,Leningradskiy,69.3833,178.4167,8.98,78,100,9.37,RU,2022-12-04 00:15:24
170,Hami,42.8,93.45,19.4,53,4,5.44,CN,2022-12-04 00:15:54
171,Buin,-33.7333,-70.75,77.74,39,14,4.21,CL,2022-12-04 00:15:54
172,Chara,56.9064,118.2631,-13.85,78,83,3.94,RU,2022-12-04 00:15:55
173,Qaanaaq,77.484,-69.3632,-2.36,86,100,1.97,GL,2022-12-04 00:15:20
174,Vardo,70.3705,31.1107,28.38,86,100,10.36,NO,2022-12-04 00:15:55
175,Flinders,-34.5833,150.8552,76.17,63,0,5.99,AU,2022-12-04 00:15:56
176,Wum,6.3833,10.0667,68.5,49,32,2.77,CM,2022-12-04 00:15:57
177,Kismayo,-0.3582,42.5454,78.39,73,0,9.15,SO,2022-12-04 00:15:57
178,Barrow,71.2906,-156.7887,3.22,92,0,10.36,US,2022-12-04 00:12:22
179,Castro,-24.7911,-50.0119,65.53,93,100,3.94,BR,2022-12-04 00:15:59
180,Srednekolymsk,67.45,153.6833,-40.97,100,42,2.01,RU,2022-12-04 00:15:59
181,Lixourion,38.2019,20.4314,59.31,84,99,12.64,GR,2022-12-04 00:16:00
182,Baisha,26.5222,110.9311,41.68,92,100,3.58,CN,2022-12-04 00:16:00
183,Ourossogui,15.6064,-13.3211,77.65,17,42,8.32,SN,2022-12-04 00:16:00
184,Coquimbo,-29.9533,-71.3436,60.53,82,0,5.75,CL,2022-12-04 00:16:01
185,Necochea,-38.5473,-58.7368,71.8,48,2,17.67,AR,2022-12-04 00:16:01
186,Husavik,66.0449,-17.3389,31.62,81,25,9.98,IS,2022-12-04 00:16:02
187,Norman Wells,65.282,-126.8329,32.04,74,100,24.16,CA,2022-12-04 00:16:02
188,Balkanabat,39.5108,54.3671,38.48,39,95,3.22,TM,2022-12-04 00:16:02
189,Oron,4.8256,8.2343,77.77,88,16,3.02,NG,2022-12-04 00:16:03
190,San Quintin,30.4833,-115.95,64.76,64,100,4.56,MX,2022-12-04 00:12:26
191,Turbat,26.0023,63.044,65.43,28,0,10.89,PK,2022-12-04 00:16:04
192,Comodoro Rivadavia,-45.8667,-67.5,69.66,24,0,24.16,AR,2022-12-04 00:16:04
193,Codrington,-38.2667,141.9667,78.98,46,79,9.93,AU,2022-12-04 00:16:04
194,Polis,35.0367,32.4264,58.82,69,78,3.31,CY,2022-12-04 00:16:05
195,Nome,64.5011,-165.4064,33.87,93,100,16.11,US,2022-12-04 00:13:03
196,Namibe,-15.1961,12.1522,71.01,83,100,7.96,AO,2022-12-04 00:16:06
197,Poum,-20.2333,164.0167,78.98,84,100,10.58,NC,2022-12-04 00:16:06
198,Portland,45.5234,-122.6762,43.52,56,20,20.71,US,2022-12-04 00:13:44
199,Constitucion,-35.3333,-72.4167,59.67,73,24,14.88,CL,2022-12-04 00:15:57
200,Nemuro,43.3236,145.575,35.49,64,59,14.23,JP,2022-12-04 00:14:02
201,Tiznit,29.5833,-9.5,54.88,80,2,1.16,MA,2022-12-04 00:16:07
202,Kiama,-34.6833,150.8667,76.37,63,0,8.01,AU,2022-12-04 00:16:08
203,Ovada,44.6384,8.6453,46.63,96,100,3.47,IT,2022-12-04 00:16:08
204,Kouroussa,10.65,-9.8833,74.66,72,86,4.29,GN,2022-12-04 00:16:08
205,Guerrero Negro,27.9769,-114.0611,67.82,65,100,12.55,MX,2022-12-04 00:16:09
206,Hambantota,6.1241,81.1185,75.54,88,93,8.23,LK,2022-12-04 00:16:09
207,Tall Kayf,37.0833,41.0667,53.19,61,1,4.88,TR,2022-12-04 00:16:10
208,Adrar,20.5022,-10.0711,68.59,24,21,5.08,MR,2022-12-04 00:16:11
209,Humberto De Campos,-2.5983,-43.4611,76.91,80,66,4.07,BR,2022-12-04 00:16:11
210,Barranca,-10.75,-77.7667,66.85,81,17,7.25,PE,2022-12-04 00:16:12
211,Isangel,-19.55,169.2667,87.91,84,40,3.44,VU,2022-12-04 00:16:12
212,Trairi,-3.2778,-39.2689,79.47,76,31,11.95,BR,2022-12-04 00:15:40
213,Santa Cruz De Tenerife,28.4682,-16.2546,64.62,84,75,5.01,ES,2022-12-04 00:16:13
214,Dombarovskiy,50.7587,59.5386,-2.15,86,4,7.67,RU,2022-12-04 00:16:14
215,Shepsi,44.0361,39.1489,48.24,81,100,7.25,RU,2022-12-04 00:16:14
216,Severodvinsk,64.5635,39.8302,8.71,85,96,11.7,RU,2022-12-04 00:16:14
217,West Wendover,40.7391,-114.0733,29.41,55,0,4.61,US,2022-12-04 00:16:15
218,Mao,39.8885,4.2658,48.76,93,0,0.0,ES,2022-12-04 00:16:15
219,Thompson,55.7435,-97.8558,-18.24,76,20,5.75,CA,2022-12-04 00:16:16
220,Platanos,37.6667,21.6167,57.07,79,98,5.12,GR,2022-12-04 00:16:16
221,Banjarmasin,-3.3244,114.591,77.14,85,100,3.06,ID,2022-12-04 00:16:16
222,Teeli,51.0333,90.2333,-23.89,85,8,1.21,RU,2022-12-04 00:16:17
223,Fortuna,40.5982,-124.1573,54.93,62,100,17.27,US,2022-12-04 00:15:27
224,Broken Hill,-31.95,141.4333,84.54,21,0,5.77,AU,2022-12-04 00:15:13
225,Ahome,25.9167,-109.1833,76.95,64,74,10.11,MX,2022-12-04 00:16:19
226,La Palma,33.8464,-118.0467,72.91,69,75,10.36,US,2022-12-04 00:16:20
227,San Antero,9.3741,-75.7589,77.92,81,21,8.88,CO,2022-12-04 00:16:20
228,Smiths Falls,44.9001,-76.0161,38.89,70,85,15.68,CA,2022-12-04 00:16:21
229,La Libertad,-2.2333,-80.9,71.33,81,58,11.97,EC,2022-12-04 00:16:21
230,Sioux Lookout,50.1001,-91.917,1.47,85,40,14.97,CA,2022-12-04 00:16:22
231,Burgersdorp,-30.9977,26.3286,52.79,79,14,4.94,ZA,2022-12-04 00:16:22
232,Hasaki,35.7333,140.8333,51.22,59,84,8.25,JP,2022-12-04 00:16:23
233,Noyabrsk,63.1994,75.4507,6.42,98,97,8.86,RU,2022-12-04 00:16:23
234,Kahului,20.8947,-156.47,82.42,71,40,18.41,US,2022-12-04 00:12:17
235,Chimbote,-9.0853,-78.5783,67.28,82,13,8.55,PE,2022-12-04 00:12:40
236,Butajira,8.1167,38.3667,55.94,54,57,8.5,ET,2022-12-04 00:16:24
237,Petropavlovsk-Kamchatskiy,53.0452,158.6483,5.59,85,75,11.18,RU,2022-12-04 00:16:25
238,Saint George,37.1041,-113.5841,60.44,38,0,1.99,US,2022-12-04 00:16:25
239,Kenai,60.5544,-151.2583,22.14,88,0,3.44,US,2022-12-04 00:16:26
240,Chanika,-5.4167,38.0167,68.97,91,79,2.48,TZ,2022-12-04 00:16:26
241,Karratha,-20.7377,116.8463,90.34,34,2,11.99,AU,2022-12-04 00:16:27
242,Vilyuysk,63.7553,121.6247,-16.91,96,100,4.29,RU,2022-12-04 00:16:27
243,Masvingo,-20.0637,30.8277,70.3,55,33,3.11,ZW,2022-12-04 00:16:28
244,Komsomolskiy,40.4272,71.7189,34.52,93,75,2.3,UZ,2022-12-04 00:16:28
245,Haines Junction,60.7522,-137.5108,3.15,85,14,1.14,CA,2022-12-04 00:16:29
246,Nanortalik,60.1432,-45.2371,24.58,83,50,13.09,GL,2022-12-04 00:16:29
247,Ambilobe,-13.2,49.05,73.6,89,63,3.78,MG,2022-12-04 00:16:29
248,Wenchi,7.7392,-2.1046,71.67,89,64,4.21,GH,2022-12-04 00:16:20
249,Cayenne,4.9333,-52.3333,73.44,94,0,2.3,GF,2022-12-04 00:13:28
250,Taoudenni,22.6783,-3.9836,72.61,18,0,7.74,ML,2022-12-04 00:16:30
251,Dunedin,-45.8742,170.5036,66.79,50,100,4.0,NZ,2022-12-04 00:13:59
252,Eichstatt,48.8833,11.1833,33.48,93,100,4.61,DE,2022-12-04 00:16:31
253,Port Said,31.2565,32.2841,68.47,65,23,11.97,EG,2022-12-04 00:16:31
254,Cidreira,-30.1811,-50.2056,72.28,97,99,5.79,BR,2022-12-04 00:16:32
255,Okha,53.5739,142.9478,3.06,91,72,18.77,RU,2022-12-04 00:16:32
256,Nelson Bay,-32.7167,152.15,73.45,70,43,8.99,AU,2022-12-04 00:16:33
257,Esperance,-33.8667,121.9,64.94,76,100,14.09,AU,2022-12-04 00:16:33
258,Vitim,59.4511,112.5578,0.07,96,100,11.79,RU,2022-12-04 00:16:34
259,Sao Felix Do Xingu,-6.6447,-51.995,72.1,99,99,1.9,BR,2022-12-04 00:16:34
260,Asau,46.4333,26.4,29.32,96,100,2.8,RO,2022-12-04 00:16:35
261,Humaita,-7.5061,-63.0208,75.11,85,60,2.64,BR,2022-12-04 00:16:37
262,Kaitangata,-46.2817,169.8464,63.84,51,99,13.11,NZ,2022-12-04 00:15:22
263,Honningsvag,70.9821,25.9704,28.15,74,40,17.27,NO,2022-12-04 00:16:39
264,Ostrovnoy,68.0531,39.5131,19.53,93,63,10.07,RU,2022-12-04 00:16:39
265,Slave Lake,55.2834,-114.769,17.67,64,66,13.47,CA,2022-12-04 00:14:14
266,Cabo San Lucas,22.8909,-109.9124,84.51,54,0,9.22,MX,2022-12-04 00:13:32
267,Neyshabur,36.2133,58.7958,38.3,60,56,1.66,IR,2022-12-04 00:16:40
268,Chicama,-7.8447,-79.1469,63.14,78,37,6.51,PE,2022-12-04 00:16:40
269,Yulara,-25.2406,130.9889,90.5,11,0,11.72,AU,2022-12-04 00:16:42
270,Ulaanbaatar,47.9077,106.8832,-13.14,88,46,1.28,MN,2022-12-04 00:14:54
271,Puerto Rico,-26.796,-55.024,70.52,97,82,1.36,AR,2022-12-04 00:16:42
272,Teguldet,57.3064,88.1667,-3.55,95,98,5.86,RU,2022-12-04 00:16:43
273,Biak,-0.9131,122.8766,79.68,77,100,0.98,ID,2022-12-04 00:16:44
274,Port Macquarie,-31.4333,152.9167,70.9,58,89,6.51,AU,2022-12-04 00:16:45
275,Begoro,6.3871,-0.3774,71.01,91,21,3.06,GH,2022-12-04 00:16:46
276,Broome,42.2506,-75.833,41.85,71,100,16.11,US,2022-12-04 00:16:46
277,Mahebourg,-20.4081,57.7,73.69,83,40,2.3,MU,2022-12-04 00:16:46
278,Faanui,-16.4833,-151.75,80.67,78,18,19.24,PF,2022-12-04 00:16:47
279,Banda Aceh,5.5577,95.3222,78.19,79,100,3.85,ID,2022-12-04 00:16:47
280,Sergeyevka,53.88,67.4158,-6.5,93,18,4.0,KZ,2022-12-04 00:16:48
281,Camacha,33.0833,-16.3333,56.62,82,40,9.22,PT,2022-12-04 00:16:49
282,Tibacuy,4.3511,-72.4564,77.25,74,88,6.26,CO,2022-12-04 00:16:49
283,Qasigiannguit,68.8193,-51.1922,28.65,90,94,6.6,GL,2022-12-04 00:16:49
284,Pavlovka,52.6897,47.1405,4.26,93,14,4.38,RU,2022-12-04 00:16:50
285,Kavaratti,10.5669,72.642,82.0,73,97,7.18,IN,2022-12-04 00:16:50
286,Bokoro,12.3807,17.0568,79.5,21,51,11.65,TD,2022-12-04 00:16:51
287,Port Keats,-14.25,129.55,89.87,49,83,7.65,AU,2022-12-04 00:16:51
288,Juneau,58.3019,-134.4197,30.22,100,16,2.46,US,2022-12-04 00:15:25
289,Boende,-0.2167,20.8667,70.07,98,94,1.59,CD,2022-12-04 00:16:52
290,Saldanha,-33.0117,17.9442,57.25,74,92,21.79,ZA,2022-12-04 00:16:52
291,Severo-Yeniseyskiy,60.3725,93.0408,-16.37,100,86,3.78,RU,2022-12-04 00:16:53
292,Gazanjyk,39.2446,55.5154,34.07,44,96,13.89,TM,2022-12-04 00:16:53
293,Sao Joao Da Barra,-21.6403,-41.0511,73.49,92,100,17.31,BR,2022-12-04 00:16:54
294,Saint Anthony,45.0205,-93.218,11.25,69,0,8.05,US,2022-12-04 00:16:55
295,Tarakan,3.3,117.6333,78.06,84,96,5.7,ID,2022-12-04 00:16:55
296,Saint-Denis,48.9167,2.3333,36.99,88,100,11.5,FR,2022-12-04 00:16:56
297,Rio Gallegos,-51.6226,-69.2181,51.85,37,75,18.41,AR,2022-12-04 00:16:56
298,Cap Malheureux,-19.9842,57.6142,72.46,76,30,3.0,MU,2022-12-04 00:16:57
299,Rio Cuarto,-33.1307,-64.3499,78.57,22,0,9.22,AR,2022-12-04 00:16:57
300,Medak,18.0333,78.2667,68.5,84,4,6.82,IN,2022-12-04 00:16:58
301,Sawakin,19.1059,37.3321,79.95,72,34,7.18,SD,2022-12-04 00:16:58
302,Victoria,22.2855,114.1577,70.95,84,38,10.0,HK,2022-12-04 00:16:59
303,Bireun,5.203,96.7009,76.64,81,100,3.42,ID,2022-12-04 00:16:59
304,Kita,13.0349,-9.4895,78.49,27,65,2.42,ML,2022-12-04 00:17:00
305,Farah,32.5,62.5,44.29,41,41,3.09,AF,2022-12-04 00:17:00
306,Jinzhou,41.1078,121.1417,16.86,31,0,0.98,CN,2022-12-04 00:17:01
307,Biswan,27.5,81.0,57.92,50,0,5.35,IN,2022-12-04 00:17:01
308,Clyde River,70.4692,-68.5914,1.63,71,17,34.52,CA,2022-12-04 00:17:02
309,Sidi Ali,36.0998,0.4206,53.08,72,0,5.3,DZ,2022-12-04 00:17:02
310,Presidente Medici,-11.1753,-61.9014,74.46,88,88,2.24,BR,2022-12-04 00:17:03
311,Puerto Carreno,6.189,-67.4859,78.13,77,93,7.34,CO,2022-12-04 00:17:03
312,Nenjiang,49.1833,125.2167,-25.51,93,9,3.24,CN,2022-12-04 00:17:04
313,Montgomery,39.1501,-77.1997,56.62,44,0,10.36,US,2022-12-04 00:14:21
314,Vallenar,-28.5708,-70.7581,71.69,46,0,3.8,CL,2022-12-04 00:16:42
315,Berlevag,70.8578,29.0864,26.55,74,33,3.44,NO,2022-12-04 00:17:06
316,Porto Novo,6.4965,2.6036,78.82,85,20,7.05,BJ,2022-12-04 00:17:06
317,Thunder Bay,48.4001,-89.3168,11.73,73,100,10.51,CA,2022-12-04 00:14:12
318,Meulaboh,4.1363,96.1285,74.93,87,100,2.93,ID,2022-12-04 00:17:07
319,Tambura,5.6,27.4667,75.02,39,89,2.59,SS,2022-12-04 00:17:07
320,Uribia,11.7139,-72.266,78.12,73,38,11.32,CO,2022-12-04 00:17:08
321,Yar-Sale,66.8333,70.8333,22.66,95,98,11.7,RU,2022-12-04 00:17:08
322,Puteyets,65.1716,57.091,-1.55,100,97,2.21,RU,2022-12-04 00:17:09
323,Nuuk,64.1835,-51.7216,29.01,69,75,26.46,GL,2022-12-04 00:17:09
324,Wasilla,61.5814,-149.4394,30.94,89,0,0.0,US,2022-12-04 00:17:10
325,Kaka,37.3482,59.6143,35.6,30,46,3.51,TM,2022-12-04 00:17:10
326,Marawi,7.9986,124.2928,74.64,78,79,2.3,PH,2022-12-04 00:17:11
327,Mandalgarh,25.2,75.1,57.81,46,6,2.93,IN,2022-12-04 00:17:11
328,Dongsheng,39.8161,109.9776,14.36,33,27,7.11,CN,2022-12-04 00:17:12
329,Omsk,55.0,73.4,-11.31,70,94,4.47,RU,2022-12-04 00:17:12
330,Hirado,33.3597,129.5531,50.4,78,95,15.64,JP,2022-12-04 00:17:13
331,San Angelo,31.4638,-100.437,52.54,42,0,6.91,US,2022-12-04 00:15:44
332,Berbera,10.4396,45.0143,76.12,74,3,5.41,SO,2022-12-04 00:17:13
333,Francisco Sa,-16.4758,-43.4883,68.14,80,100,9.04,BR,2022-12-04 00:17:14
334,Ponta Do Sol,32.6667,-17.1,61.0,80,52,10.42,PT,2022-12-04 00:17:15
335,Karaidel,55.8337,56.9069,1.67,89,89,2.62,RU,2022-12-04 00:17:15
336,Altoona,40.5187,-78.3947,42.01,68,38,3.0,US,2022-12-04 00:17:16
337,Yarada,17.65,83.2667,73.72,100,40,2.3,IN,2022-12-04 00:17:16
338,Klaksvik,62.2266,-6.589,43.72,91,100,5.14,FO,2022-12-04 00:17:17
339,Tiksi,71.6872,128.8694,-9.9,92,100,20.38,RU,2022-12-04 00:17:17
340,Mokhsogollokh,61.4681,128.9203,-14.21,98,100,2.33,RU,2022-12-04 00:17:18
341,Muros,42.7762,-9.0603,41.85,85,0,11.18,ES,2022-12-04 00:17:18
342,Lavrentiya,65.5833,-171.0,27.73,97,100,21.07,RU,2022-12-04 00:13:54
343,Shimoda,34.6667,138.95,61.16,59,87,24.72,JP,2022-12-04 00:17:19
344,Maua,-23.6678,-46.4614,70.09,96,100,6.08,BR,2022-12-04 00:17:19
345,Jacareacanga,-6.2222,-57.7528,74.53,94,93,2.57,BR,2022-12-04 00:17:20
346,Valparaiso,-33.0393,-71.6273,65.48,100,0,3.44,CL,2022-12-04 00:15:34
347,Midland,31.9974,-102.0779,50.49,34,0,8.05,US,2022-12-04 00:17:20
348,San Cristobal,7.7669,-72.225,68.18,97,86,3.53,VE,2022-12-04 00:17:21
349,Etchojoa,26.9167,-109.6333,80.28,47,42,12.3,MX,2022-12-04 00:17:21
350,Panguna,-6.3164,155.4848,76.39,82,98,1.07,PG,2022-12-04 00:17:22
351,Tshikapa,-6.4167,20.8,70.25,97,99,1.92,CD,2022-12-04 00:17:22
352,El Tarra,8.5756,-73.0949,71.58,98,40,0.2,CO,2022-12-04 00:17:22
353,Axim,4.8699,-2.2405,77.74,85,98,4.32,GH,2022-12-04 00:17:23
354,Sarh,9.1429,18.3923,66.11,77,0,0.0,TD,2022-12-04 00:17:24
355,Darovskoy,58.77,47.9564,-0.04,97,76,1.48,RU,2022-12-04 00:17:24
356,Tukrah,32.5341,20.5791,62.15,62,0,18.23,LY,2022-12-04 00:17:24
357,Alegrete,-29.7831,-55.7919,71.4,93,60,11.74,BR,2022-12-04 00:15:14
358,Ust-Nera,64.5667,143.2,-42.83,99,79,4.18,RU,2022-12-04 00:17:25
359,Aklavik,68.2191,-135.0107,15.8,79,75,17.27,CA,2022-12-04 00:17:26
360,Sola,-13.8833,167.55,88.47,70,40,9.22,VU,2022-12-04 00:17:26
361,Maragogi,-9.0122,-35.2225,77.04,84,71,9.01,BR,2022-12-04 00:13:13
362,Camp Verde,34.5636,-111.8543,55.98,70,100,4.47,US,2022-12-04 00:15:55
363,Takapau,-40.0333,176.35,70.74,39,45,1.34,NZ,2022-12-04 00:17:28
364,Ovsyanka,55.9575,92.5519,7.77,94,99,4.09,RU,2022-12-04 00:17:29
365,Sinnamary,5.3833,-52.95,76.69,88,99,6.8,GF,2022-12-04 00:17:29
366,Sao Paulo De Olivenca,-3.3783,-68.8725,74.77,95,100,1.5,BR,2022-12-04 00:17:29
367,Marsh Harbour,26.5412,-77.0636,75.88,58,51,17.52,BS,2022-12-04 00:17:30
368,Amahai,-3.3333,128.9167,82.94,75,98,1.66,ID,2022-12-04 00:16:32
369,Jibuti,11.5,42.5,68.11,80,13,9.22,DJ,2022-12-04 00:17:31
370,Haputale,6.7681,80.9595,59.29,86,72,4.27,LK,2022-12-04 00:17:31
371,Rahuri,19.3833,74.65,68.77,73,48,4.18,IN,2022-12-04 00:17:31
372,Nouadhibou,20.931,-17.0347,64.38,88,0,9.22,MR,2022-12-04 00:17:32
373,Bowen,-20.0167,148.2333,78.64,58,1,12.21,AU,2022-12-04 00:17:32
374,Sorland,67.667,12.6934,39.06,71,99,15.82,NO,2022-12-04 00:17:33
375,Eureka,40.8021,-124.1637,55.2,72,40,8.01,US,2022-12-04 00:13:50
376,Ashland,40.8167,-82.2665,33.76,82,6,10.69,US,2022-12-04 00:17:33
377,Sur,22.5667,59.5289,73.17,63,0,6.87,OM,2022-12-04 00:17:34
378,Kedougou,12.5579,-12.1743,80.64,38,39,3.38,SN,2022-12-04 00:17:34
379,Kaa-Khem,51.6833,94.7333,-22.32,94,9,2.19,RU,2022-12-04 00:17:35
380,Inyonga,-6.7167,32.0667,64.9,93,100,2.28,TZ,2022-12-04 00:17:35
381,Watsa,3.0372,29.5355,65.91,78,73,2.06,CD,2022-12-04 00:17:36
382,Fort Wellington,6.4,-57.6,74.7,92,100,12.3,GY,2022-12-04 00:17:36
383,Saint Marys,30.7305,-81.5465,70.05,89,0,4.0,US,2022-12-04 00:17:37
384,Lumut,4.2323,100.6298,77.02,94,20,0.0,MY,2022-12-04 00:17:37
385,Son La,21.3167,103.9,61.63,95,83,2.51,VN,2022-12-04 00:17:37
386,Mackay,-21.15,149.2,83.68,63,5,15.57,AU,2022-12-04 00:16:10
387,Mareeba,-17.0,145.4333,81.45,67,10,3.2,AU,2022-12-04 00:17:38
388,The Valley,18.217,-63.0578,78.82,71,0,13.98,AI,2022-12-04 00:17:38
389,Balao,-2.9167,-79.8167,73.04,85,14,8.37,EC,2022-12-04 00:17:39
390,Maniitsoq,65.4167,-52.9,29.52,69,100,23.09,GL,2022-12-04 00:17:40
391,Skovorodino,53.9833,123.9167,-25.26,99,88,0.78,RU,2022-12-04 00:17:40
392,Elk Point,42.6833,-96.6836,28.69,49,98,9.48,US,2022-12-04 00:13:35
393,Danville,36.586,-79.395,58.42,94,0,4.0,US,2022-12-04 00:14:53
394,Panuco,22.05,-98.1667,75.38,79,45,7.63,MX,2022-12-04 00:17:41
395,Kudeyevskiy,54.8758,56.7567,-13.27,100,25,1.25,RU,2022-12-04 00:17:42
396,Kalmunai,7.4167,81.8167,76.05,87,67,5.79,LK,2022-12-04 00:17:42
397,Bom Jesus,-9.0744,-44.3586,72.79,81,90,1.43,BR,2022-12-04 00:17:43
398,Brae,60.3964,-1.353,43.68,69,100,11.63,GB,2022-12-04 00:17:43
399,Hofn,64.2539,-15.2082,37.6,58,2,5.35,IS,2022-12-04 00:17:43
400,Tessalit,20.1986,1.0114,73.17,18,44,8.41,ML,2022-12-04 00:17:44
401,Kalianget,-7.05,113.9333,81.72,76,97,5.19,ID,2022-12-04 00:17:44
402,Fort Dix,40.0298,-74.6185,56.95,82,100,10.36,US,2022-12-04 00:17:45
403,Lubango,-14.9172,13.4925,62.02,75,100,1.5,AO,2022-12-04 00:16:26
404,Gualeguaychu,-33.0094,-58.5172,77.9,55,31,8.37,AR,2022-12-04 00:17:45
405,Soyo,-6.1349,12.3689,77.32,89,100,6.35,AO,2022-12-04 00:17:46
406,Kutum,14.2,24.6667,60.44,20,25,8.3,SD,2022-12-04 00:17:46
407,Alta Gracia,-31.6529,-64.4283,84.88,24,1,1.95,AR,2022-12-04 00:17:46
408,Noumea,-22.2763,166.4572,87.78,88,100,6.46,NC,2022-12-04 00:17:48
409,Along,28.1667,94.7667,52.65,75,32,1.7,IN,2022-12-04 00:17:48
410,Bathsheba,13.2167,-59.5167,79.41,90,20,9.22,BB,2022-12-04 00:17:49
411,Kedrovyy,56.1667,91.8167,5.41,95,100,3.71,RU,2022-12-04 00:17:49
412,Porto Santo,33.072,-16.3415,59.38,82,40,9.22,PT,2022-12-04 00:17:49
413,Serov,59.6033,60.5787,7.48,89,69,3.65,RU,2022-12-04 00:17:50
414,Palmer,42.1584,-72.3287,55.67,71,100,32.21,US,2022-12-04 00:16:05
415,Esso,55.9333,158.7,-1.68,92,52,3.67,RU,2022-12-04 00:17:50
416,Ambon,-3.6954,128.1814,84.34,79,20,4.61,ID,2022-12-04 00:17:51
417,Auki,-8.7676,160.7034,85.48,66,100,2.73,SB,2022-12-04 00:17:51
418,Tautira,-17.7333,-149.15,79.77,78,50,19.8,PF,2022-12-04 00:17:52
419,Ibia,-19.4783,-46.5389,70.92,94,100,5.37,BR,2022-12-04 00:17:52
420,Siderno,38.2779,16.302,60.33,86,100,15.32,IT,2022-12-04 00:17:53
421,Ararat,39.8317,44.7049,43.14,88,100,6.04,AM,2022-12-04 00:17:53
422,Okhotsk,59.3833,143.3,-17.41,94,98,9.17,RU,2022-12-04 00:17:54
423,Langres,47.8333,5.3333,33.19,93,98,4.76,FR,2022-12-04 00:17:54
424,Upata,8.0086,-62.3989,69.49,97,96,3.62,VE,2022-12-04 00:17:55
425,Aykino,62.2248,49.9922,4.15,98,73,3.2,RU,2022-12-04 00:17:55
426,Port Augusta,-32.5,137.7667,92.89,16,2,15.32,AU,2022-12-04 00:17:56
427,Aksarka,66.5606,67.7975,6.49,93,83,3.33,RU,2022-12-04 00:17:56
428,Dudinka,69.4058,86.1778,-3.39,100,100,7.38,RU,2022-12-04 00:17:56
429,Matveyevka,52.15,56.1833,-3.3,95,5,3.85,RU,2022-12-04 00:17:58
430,Morlaix,48.5833,-4.0,40.06,86,100,6.91,FR,2022-12-04 00:17:58
431,Manhattan,40.7834,-73.9662,56.82,70,20,21.85,US,2022-12-04 00:17:25
432,Natal,-5.795,-35.2094,78.6,74,7,12.35,BR,2022-12-04 00:15:28
433,Vostok,46.4856,135.8833,-6.63,94,100,10.18,RU,2022-12-04 00:17:59
434,Xuddur,4.1213,43.8894,70.59,91,58,11.65,SO,2022-12-04 00:17:59
435,Rundu,-17.9333,19.7667,72.25,36,6,5.61,NA,2022-12-04 00:18:00
436,Arman,59.7,150.1667,-0.8,87,95,9.42,RU,2022-12-04 00:18:01
437,Brunswick,41.2381,-81.8418,35.2,71,100,13.8,US,2022-12-04 00:18:02
438,Jumla,29.2747,82.1838,37.47,30,0,5.35,NP,2022-12-04 00:18:02
439,Fecamp,49.7579,0.3746,36.48,91,20,10.78,FR,2022-12-04 00:18:03
440,Hervey Bay,-25.2986,152.8535,75.02,71,44,11.99,AU,2022-12-04 00:18:04
441,Thap Khlo,16.16,100.5966,77.85,99,79,2.15,TH,2022-12-04 00:18:05
442,Alberton,46.8168,-64.0654,46.87,83,100,30.74,CA,2022-12-04 00:15:24
443,Bandiagara,14.3501,-3.6104,75.65,41,86,3.15,ML,2022-12-04 00:18:05
444,Zyryanovsk,49.7386,84.2719,-20.15,99,92,1.5,KZ,2022-12-04 00:18:06
445,Mangan,27.5167,88.5333,57.02,46,1,5.99,IN,2022-12-04 00:18:06
446,Kyzyl-Suu,42.3414,78.0056,25.14,69,100,4.45,KG,2022-12-04 00:18:06
447,Zlatoust,55.1711,59.6508,-1.07,92,14,4.88,RU,2022-12-04 00:18:07
448,Moose Factory,51.2585,-80.6094,6.8,78,100,16.11,CA,2022-12-04 00:18:07
449,Padang,-0.9492,100.3543,73.45,90,100,4.45,ID,2022-12-04 00:18:08
450,Carutapera,-1.195,-46.02,78.49,79,92,7.09,BR,2022-12-04 00:18:08
451,Salalah,17.0151,54.0924,71.69,64,0,2.3,OM,2022-12-04 00:18:09
452,Ochamchira,42.7121,41.4721,49.12,83,100,10.85,GE,2022-12-04 00:18:09
453,Araouane,18.9048,-3.5265,76.01,17,75,9.33,ML,2022-12-04 00:18:10
454,Nikolayevsk-Na-Amure,53.1406,140.73,-12.37,94,39,4.47,RU,2022-12-04 00:18:10
455,Strezhevoy,60.7333,77.5889,5.67,98,99,3.67,RU,2022-12-04 00:18:12
456,Guaruja,-23.9931,-46.2564,76.05,88,100,6.82,BR,2022-12-04 00:18:13
457,Sumenep,-7.0167,113.8667,81.72,76,98,4.7,ID,2022-12-04 00:18:13
458,Alice Springs,-23.7,133.8833,87.35,16,0,11.5,AU,2022-12-04 00:14:27
459,Jurm,36.8648,70.8342,35.04,59,100,5.1,AF,2022-12-04 00:18:14
460,Columbia,34.0007,-81.0348,62.51,93,75,4.61,US,2022-12-04 00:16:37
461,Boa Vista,2.8197,-60.6733,76.98,88,40,6.91,BR,2022-12-04 00:18:15
462,Maxixe,-23.8597,35.3472,75.0,93,2,2.24,MZ,2022-12-04 00:18:15
463,Beidao,34.5686,105.8933,32.25,48,100,3.71,CN,2022-12-04 00:18:16
464,Chernyshevskiy,63.0128,112.4714,-0.65,97,98,5.77,RU,2022-12-04 00:18:16
465,Bandarbeyla,9.4942,50.8122,77.2,68,24,18.57,SO,2022-12-04 00:18:17
466,Pochutla,15.7432,-96.4661,84.02,69,0,3.78,MX,2022-12-04 00:18:18
467,Deep River,46.1001,-77.4995,24.73,78,100,13.56,CA,2022-12-04 00:18:19
468,Baleni,45.8167,27.8333,36.75,81,100,6.71,RO,2022-12-04 00:18:19
469,Khingansk,49.1167,131.1833,-19.43,100,98,3.67,RU,2022-12-04 00:18:20
470,Plastun,44.7561,136.2939,7.81,57,5,12.03,RU,2022-12-04 00:18:20
471,Edd,13.9297,41.6925,79.9,50,3,14.36,ER,2022-12-04 00:18:21
472,Concepcion Del Uruguay,-32.4825,-58.2372,75.97,55,84,6.93,AR,2022-12-04 00:17:03
473,Byron Bay,-28.65,153.6167,71.94,84,91,11.86,AU,2022-12-04 00:14:27
474,Cahuacan,19.6392,-99.4161,62.26,58,24,14.0,MX,2022-12-04 00:18:23
475,Nabire,-3.3667,135.4833,81.05,75,99,0.85,ID,2022-12-04 00:18:23
476,Los Llanos De Aridane,28.6585,-17.9182,60.55,70,0,10.36,ES,2022-12-04 00:18:24
477,Grande Prairie,55.1667,-118.8027,19.58,63,40,24.16,CA,2022-12-04 00:18:15
478,Lypnyazhka,48.4469,31.0761,26.51,73,46,11.05,UA,2022-12-04 00:18:24
479,Kashi,39.4547,75.9797,20.41,53,48,4.47,CN,2022-12-04 00:18:25
480,Mattawa,46.7379,-119.9028,33.8,93,23,4.72,US,2022-12-04 00:13:37
481,Albertville,34.2676,-86.2089,58.89,76,40,5.75,US,2022-12-04 00:14:51
482,Dakar,14.6937,-17.4441,68.88,63,70,10.76,SN,2022-12-04 00:15:00
483,Pasighat,28.0667,95.3333,59.29,52,5,3.24,IN,2022-12-04 00:18:26
484,Chimore,-16.9833,-65.1333,77.25,63,31,3.29,BO,2022-12-04 00:18:26
485,Dourbali,11.8091,15.8632,77.86,23,6,10.07,TD,2022-12-04 00:18:27
486,Silifke,36.3778,33.9344,61.29,49,61,7.4,TR,2022-12-04 00:18:27
487,Miranda De Ebro,42.6865,-2.947,35.15,94,95,2.86,ES,2022-12-04 00:18:28
488,Yining,29.0361,114.5636,42.82,90,100,2.21,CN,2022-12-04 00:18:28
489,Leeton,-34.5667,146.4,84.22,30,0,5.28,AU,2022-12-04 00:18:29
490,Jais,26.25,81.5333,57.85,57,1,4.97,IN,2022-12-04 00:18:30
491,Tungor,53.3808,142.9564,-2.81,93,42,19.28,RU,2022-12-04 00:18:30
492,Anadyr,64.75,177.4833,25.3,85,100,33.55,RU,2022-12-04 00:18:30
493,Victor Harbor,-35.5667,138.6167,88.0,25,52,5.01,AU,2022-12-04 00:18:31
494,Chishtian Mandi,29.8,72.8667,58.53,30,2,4.99,PK,2022-12-04 00:18:31
495,Matara,5.9485,80.5353,74.61,90,95,4.54,LK,2022-12-04 00:18:32
496,San Ramon,37.7799,-121.978,49.75,96,100,3.44,US,2022-12-04 00:18:32
497,Moron,-34.6534,-58.6198,73.98,58,14,6.02,AR,2022-12-04 00:18:33
498,Yenotayevka,47.2456,47.0281,19.18,52,0,14.52,RU,2022-12-04 00:18:33
499,Lagoa,39.05,-27.9833,59.11,73,87,35.34,PT,2022-12-04 00:18:34
500,Pasni,25.2631,63.471,73.33,43,0,6.8,PK,2022-12-04 00:18:34
501,Bambanglipuro,-7.95,110.2833,78.46,82,100,1.19,ID,2022-12-04 00:18:35
502,North Bend,43.4065,-124.2243,50.16,90,100,4.61,US,2022-12-04 00:15:30
503,Iqaluit,63.7506,-68.5145,15.53,73,75,12.66,CA,2022-12-04 00:18:36
504,Takoradi,4.8845,-1.7554,77.58,86,98,5.64,GH,2022-12-04 00:15:41
505,Tougan,13.0667,-3.0667,80.87,44,85,3.33,BF,2022-12-04 00:18:37
506,Chegdomyn,51.1167,133.0167,-17.81,94,90,1.21,RU,2022-12-04 00:17:49
507,Honavar,14.2833,74.45,76.42,83,93,4.54,IN,2022-12-04 00:18:38
508,Marabba,12.35,32.1833,80.2,30,6,13.87,SD,2022-12-04 00:18:38
509,Wattegama,6.7989,81.4808,71.91,94,82,3.65,LK,2022-12-04 00:18:39
510,Omboue,-1.5746,9.2618,75.43,91,100,2.17,GA,2022-12-04 00:18:39
511,Tuy Hoa,13.0833,109.3,75.99,92,100,7.14,VN,2022-12-04 00:18:40
512,Bose,45.4612,8.0137,42.21,95,100,2.55,IT,2022-12-04 00:18:40
513,Rudbar,30.15,62.6,47.79,35,3,1.07,AF,2022-12-04 00:18:41
514,Pskov,57.8136,28.3496,24.71,93,100,4.47,RU,2022-12-04 00:18:41
515,Moba,33.2288,105.0179,25.84,52,97,3.56,CN,2022-12-04 00:18:41
516,Riyadh,24.6877,46.7219,62.74,38,1,7.16,SA,2022-12-04 00:15:00
517,Sovetskiy,61.3614,63.5842,15.33,90,100,8.37,RU,2022-12-04 00:18:42
518,Aswan,24.0934,32.907,64.09,33,94,8.68,EG,2022-12-04 00:18:42
519,Miyazu,35.5333,135.1833,43.0,70,77,5.12,JP,2022-12-04 00:18:43
520,Baruun-Urt,46.6806,113.2792,-8.61,85,6,8.19,MN,2022-12-04 00:18:43
521,High Level,58.5169,-117.136,24.91,68,100,9.22,CA,2022-12-04 00:18:44
522,North Myrtle Beach,33.816,-78.68,66.25,90,100,4.61,US,2022-12-04 00:18:45
523,Pacifica,37.6138,-122.4869,51.17,95,100,5.99,US,2022-12-04 00:18:03
524,Hualmay,-11.0964,-77.6139,67.68,80,30,8.66,PE,2022-12-04 00:18:45
525,Maun,-19.9833,23.4167,73.36,49,0,3.44,BW,2022-12-04 00:18:46
526,Joensuu,62.6012,29.7632,23.49,93,100,4.61,FI,2022-12-04 00:18:46
527,Fort Nelson,58.8053,-122.7002,15.39,79,75,5.75,CA,2022-12-04 00:18:47
528,Walvis Bay,-22.9575,14.5053,59.09,85,0,6.55,NA,2022-12-04 00:18:48
529,Pinotepa Nacional,16.3167,-98.0167,76.57,72,0,2.21,MX,2022-12-04 00:18:48
530,Gamba,-2.65,10.0,74.75,90,98,2.77,GA,2022-12-04 00:18:48
531,Tabas,33.5959,56.9244,50.97,40,59,3.13,IR,2022-12-04 00:18:49
532,Kongwa,-6.2,36.4167,66.11,84,28,3.78,TZ,2022-12-04 00:18:49
533,Balaipungut,1.05,101.2833,74.03,97,100,1.59,ID,2022-12-04 00:18:50
534,Huarmey,-10.0681,-78.1522,67.96,83,29,8.34,PE,2022-12-04 00:18:51
535,Puerto Escondido,15.85,-97.0667,83.23,61,0,0.0,MX,2022-12-04 00:18:51
536,Kempele,64.9131,25.5034,23.13,93,100,4.61,FI,2022-12-04 00:18:52
537,Montbrison,45.6667,4.0833,37.74,98,100,3.29,FR,2022-12-04 00:18:52
538,Rocha,-34.4833,-54.3333,63.41,93,98,4.63,UY,2022-12-04 00:18:53
539,Bedford,52.1346,-0.4663,39.67,87,90,7.25,GB,2022-12-04 00:15:26
540,Tornio,65.8481,24.1466,24.82,95,91,5.95,FI,2022-12-04 00:18:53
541,Colares,38.7992,-9.4469,55.33,89,55,11.99,PT,2022-12-04 00:18:54
542,Tyazhinskiy,56.116,88.524,-9.44,98,38,4.16,RU,2022-12-04 00:18:54
543,Kruisfontein,-34.0033,24.7314,57.49,80,100,4.05,ZA,2022-12-04 00:18:55
544,Egvekinot,66.3167,-179.1667,13.59,93,100,16.82,RU,2022-12-04 00:18:55
545,Conneaut,41.9476,-80.5542,39.11,71,97,19.1,US,2022-12-04 00:18:56
546,Ewa Beach,21.3156,-158.0072,84.15,57,20,16.11,US,2022-12-04 00:18:56
547,Empangeni,-28.762,31.8933,66.16,77,100,4.43,ZA,2022-12-04 00:18:56
548,Ratne,51.6683,24.5303,28.08,94,99,10.87,UA,2022-12-04 00:18:57
549,Nibong Tebal,5.1659,100.4779,80.29,92,91,3.94,MY,2022-12-04 00:18:57
550,Djenne,13.9061,-4.5533,79.48,50,77,9.55,ML,2022-12-04 00:18:58
551,Khvastovichi,53.4694,35.0941,19.22,82,100,9.08,RU,2022-12-04 00:18:59
552,Maceio,-9.6658,-35.7353,76.44,94,40,4.61,BR,2022-12-04 00:17:14
